,date,open,high,low,close,tick_volume,spread,real_volume
0,2002-01-01,278.2,278.7,276.7,278.7,351,0,0
1,2002-01-02,278.2,278.95,277.35,278.5,291,0,0
2,2002-01-03,278.0,279.75,276.55,278.2,621,0,0
3,2002-01-04,277.55,279.15,276.8,278.7,356,0,0
4,2002-01-07,277.9,280.01,276.9,278.5,563,0,0
5,2002-01-08,278.0,279.5,277.75,278.8,271,0,0
6,2002-01-09,278.3,284.15,278.2,283.95,626,0,0
7,2002-01-10,283.1,289.0,282.3,286.15,1036,0,0
8,2002-01-11,285.65,287.65,285.15,287.3,336,0,0
9,2002-01-14,286.1,286.85,284.35,284.9,381,0,0
10,2002-01-15,284.5,285.0,282.55,284.4,481,0,0
11,2002-01-16,283.9,289.0,283.05,286.9,891,0,0
12,2002-01-17,286.65,288.35,283.55,283.8,676,0,0
13,2002-01-18,283.3,284.3,282.45,283.3,371,0,0
14,2002-01-21,282.8,283.55,281.5,282.3,361,0,0
15,2002-01-22,281.8,283.55,280.5,281.35,566,0,0
16,2002-01-23,280.9,282.5,278.15,279.0,681,0,0
17,2002-01-24,278.5,279.35,277.35,279.0,351,0,0
18,2002-01-25,278.25,279.2,277.75,279.2,196,0,0
19,2002-01-28,278.7,279.4,277.95,278.5,271,0,0
20,2002-01-29,277.9,281.7,276.6,281.7,641,0,0
21,2002-01-30,281.2,283.5,279.2,281.7,811,0,0
22,2002-01-31,281.2,282.95,280.75,282.95,266,0,0
23,2002-02-01,282.2,286.7,281.45,286.0,671,0,0
24,2002-02-04,285.25,291.6,284.9,291.6,706,0,0
25,2002-02-05,289.6,298.5,289.1,297.3,1111,0,0
26,2002-02-06,296.95,306.5,295.5,296.5,2156,0,0
27,2002-02-07,296.38,303.0,296.38,303.0,663,0,0
28,2002-02-08,301.0,308.3,299.6,303.5,1491,0,0
29,2002-02-11,303.0,304.8,297.1,299.0,1141,0,0
30,2002-02-12,298.5,301.75,296.9,300.0,821,0,0
31,2002-02-13,299.5,300.4,295.1,299.25,1036,0,0
32,2002-02-14,298.75,300.2,297.4,299.7,466,0,0
33,2002-02-15,298.9,301.8,297.4,297.6,751,0,0
34,2002-02-18,298.0,298.88,296.38,297.5,451,0,0
35,2002-02-19,297.0,298.35,292.0,292.85,856,0,0
36,2002-02-20,292.35,293.9,290.3,291.2,606,0,0
37,2002-02-21,290.7,293.5,289.55,292.5,611,0,0
38,2002-02-22,292.0,294.12,291.1,292.5,555,0,0
39,2002-02-25,292.25,292.8,290.4,292.3,476,0,0
40,2002-02-26,291.8,297.55,291.68,297.5,605,0,0
41,2002-02-27,297.0,299.12,295.15,296.1,705,0,0
42,2002-02-28,296.1,297.55,295.4,296.3,411,0,0
43,2002-03-01,295.8,299.05,294.75,297.9,651,0,0
44,2002-03-04,297.1,299.62,296.35,296.6,605,0,0
45,2002-03-05,296.1,299.0,293.55,294.05,886,0,0
46,2002-03-06,293.3,294.55,292.1,293.25,486,0,0
47,2002-03-07,292.65,293.15,289.05,289.3,486,0,0
48,2002-03-08,288.8,289.85,287.4,289.5,421,0,0
49,2002-03-11,289.35,293.45,288.9,290.95,751,0,0
50,2002-03-12,290.45,295.15,290.0,294.1,666,0,0
51,2002-03-13,293.1,294.4,292.45,293.1,391,0,0
52,2002-03-14,292.6,293.3,290.05,291.0,491,0,0
53,2002-03-15,290.5,291.15,288.85,289.8,391,0,0
54,2002-03-18,289.8,293.38,289.5,292.8,477,0,0
55,2002-03-19,291.8,293.55,291.35,292.95,326,0,0
56,2002-03-20,292.45,292.8,291.2,292.1,286,0,0
57,2002-03-21,291.6,293.15,291.6,292.9,181,0,0
58,2002-03-22,292.9,298.38,292.6,298.0,647,0,0
59,2002-03-25,296.9,298.3,296.6,298.1,221,0,0
60,2002-03-26,297.25,297.75,295.35,296.5,406,0,0
61,2002-03-27,296.25,302.8,295.85,302.0,816,0,0
62,2002-03-28,301.5,304.27,300.0,302.4,765,0,0
63,2002-03-29,301.9,303.0,301.75,302.25,216,0,0
64,2002-04-01,301.75,303.1,300.45,303.1,396,0,0
65,2002-04-02,302.6,306.2,301.88,305.6,565,0,0
66,2002-04-03,305.1,306.45,300.8,302.3,851,0,0
67,2002-04-04,301.8,302.5,298.45,300.75,706,0,0
68,2002-04-05,300.25,301.75,297.75,299.8,756,0,0
69,2002-04-08,299.35,300.75,297.95,300.25,471,0,0
70,2002-04-09,299.75,299.8,297.75,298.3,266,0,0
71,2002-04-10,297.8,301.65,296.75,301.0,661,0,0
72,2002-04-11,300.5,302.75,298.5,302.4,661,0,0
73,2002-04-12,301.65,301.9,299.7,301.9,416,0,0
74,2002-04-15,301.4,302.2,299.15,299.6,431,0,0
75,2002-04-16,299.1,299.5,297.15,298.75,436,0,0
76,2002-04-17,298.25,302.15,297.6,301.8,556,0,0
77,2002-04-18,301.3,305.6,301.0,303.4,711,0,0
78,2002-04-19,302.9,304.8,300.7,302.1,741,0,0
79,2002-04-22,301.5,304.0,301.35,302.65,416,0,0
80,2002-04-23,302.0,304.05,301.5,303.4,371,0,0
81,2002-04-24,303.4,306.05,303.0,304.3,521,0,0
82,2002-04-25,303.55,308.6,303.55,307.4,626,0,0
83,2002-04-26,307.15,311.5,305.6,311.1,786,0,0
84,2002-04-29,310.25,312.0,308.0,311.05,721,0,0
85,2002-04-30,310.55,310.85,306.55,308.2,626,0,0
86,2002-05-01,307.7,310.35,306.7,308.85,616,0,0
87,2002-05-02,308.1,308.75,306.35,307.6,431,0,0
88,2002-05-03,307.1,312.85,307.05,311.7,701,0,0
89,2002-05-06,311.0,312.7,310.0,311.2,521,0,0
90,2002-05-07,310.7,313.4,308.6,311.3,901,0,0
91,2002-05-08,310.8,312.55,307.55,308.0,721,0,0
92,2002-05-09,308.0,310.75,307.55,309.8,461,0,0
93,2002-05-10,308.8,311.45,308.6,310.8,371,0,0
94,2002-05-13,310.1,311.25,308.85,310.7,421,0,0
95,2002-05-14,310.0,310.35,306.45,307.4,521,0,0
96,2002-05-15,306.9,308.8,305.95,308.8,381,0,0
97,2002-05-16,308.3,310.15,308.1,309.6,281,0,0
98,2002-05-17,309.4,311.65,308.75,310.8,441,0,0
99,2002-05-20,310.1,316.15,309.75,315.7,721,0,0
100,2002-05-21,315.2,316.75,311.5,315.9,981,0,0
101,2002-05-22,315.2,319.35,315.1,317.4,631,0,0
102,2002-05-23,316.9,323.48,315.0,321.8,1207,0,0
103,2002-05-24,321.3,322.25,317.3,320.3,891,0,0
104,2002-05-27,319.8,321.25,319.7,320.0,291,0,0
105,2002-05-28,319.5,328.1,319.5,324.1,1261,0,0
106,2002-05-29,323.85,327.05,322.6,324.8,796,0,0
107,2002-05-30,324.2,326.3,321.0,324.8,1001,0,0
108,2002-05-31,324.2,329.25,323.5,326.3,941,0,0
109,2002-06-03,325.8,328.05,324.45,326.9,611,0,0
110,2002-06-04,327.6,331.15,323.75,324.7,1191,0,0
111,2002-06-05,324.1,326.95,319.75,321.2,1151,0,0
112,2002-06-06,320.9,325.4,320.8,325.4,471,0,0
113,2002-06-07,324.85,327.3,322.1,323.7,926,0,0
114,2002-06-10,324.1,324.6,317.25,318.8,941,0,0
115,2002-06-11,318.3,320.85,315.45,320.8,831,0,0
116,2002-06-12,320.1,321.6,318.5,319.0,511,0,0
117,2002-06-13,318.5,321.0,316.4,317.9,861,0,0
118,2002-06-14,317.75,323.65,317.6,319.6,1026,0,0
119,2002-06-17,318.6,320.0,316.6,316.6,481,0,0
120,2002-06-18,316.7,319.8,316.25,319.8,401,0,0
121,2002-06-19,319.5,321.9,318.55,320.6,561,0,0
122,2002-06-20,320.35,324.0,318.9,323.7,686,0,0
123,2002-06-21,323.2,324.6,321.95,324.4,411,0,0
124,2002-06-24,323.9,326.3,322.0,322.4,711,0,0
125,2002-06-25,322.0,325.1,317.5,321.2,1441,0,0
126,2002-06-26,320.7,325.1,318.9,319.0,1071,0,0
127,2002-06-27,318.5,321.3,316.1,318.0,991,0,0
128,2002-06-28,317.75,320.5,309.9,314.2,1766,0,0
129,2002-07-01,313.7,314.9,310.9,314.9,681,0,0
130,2002-07-02,314.15,315.4,312.2,312.7,496,0,0
131,2002-07-03,312.2,313.85,310.0,310.9,641,0,0
132,2002-07-04,310.4,311.1,310.3,310.5,151,0,0
133,2002-07-05,310.55,312.0,310.5,311.8,176,0,0
134,2002-07-08,310.7,314.0,309.9,312.6,631,0,0
135,2002-07-09,312.1,316.6,310.0,316.4,891,0,0
136,2002-07-10,315.9,316.7,313.9,315.8,551,0,0
137,2002-07-11,315.2,317.5,313.2,316.3,751,0,0
138,2002-07-12,315.8,316.5,314.8,315.8,341,0,0
139,2002-07-15,315.7,320.9,315.7,318.4,771,0,0
140,2002-07-16,317.3,320.35,316.0,318.0,801,0,0
141,2002-07-17,317.5,318.1,315.5,317.5,521,0,0
142,2002-07-18,317.0,317.7,316.25,317.7,221,0,0
143,2002-07-19,317.2,325.4,316.5,323.7,1131,0,0
144,2002-07-22,323.2,325.23,321.9,322.9,637,0,0
145,2002-07-23,322.4,322.8,311.2,312.75,1356,0,0
146,2002-07-24,312.4,318.5,306.6,311.0,2241,0,0
147,2002-07-25,310.5,311.6,308.0,310.1,681,0,0
148,2002-07-26,309.5,311.5,300.5,303.5,1601,0,0
149,2002-07-29,303.7,304.0,301.0,302.4,471,0,0
150,2002-07-30,301.9,305.4,301.5,304.85,486,0,0
151,2002-07-31,304.0,305.5,302.0,303.3,631,0,0
152,2002-08-01,302.8,304.7,298.45,304.4,1091,0,0
153,2002-08-02,303.9,307.5,303.5,306.9,501,0,0
154,2002-08-05,306.6,309.35,305.2,307.9,701,0,0
155,2002-08-06,307.4,307.5,304.7,306.1,431,0,0
156,2002-08-07,305.6,315.05,303.7,313.8,1451,0,0
157,2002-08-08,313.3,314.2,310.1,310.4,531,0,0
158,2002-08-09,309.9,314.6,308.05,314.3,871,0,0
159,2002-08-12,313.8,317.5,313.15,314.1,841,0,0
160,2002-08-13,313.5,315.4,313.3,315.4,231,0,0
161,2002-08-14,314.9,317.0,310.8,311.5,901,0,0
162,2002-08-15,311.4,316.7,311.2,315.2,721,0,0
163,2002-08-16,314.2,314.85,312.1,313.7,501,0,0
164,2002-08-19,313.2,315.4,304.3,306.5,1551,0,0
165,2002-08-20,306.0,309.75,305.9,308.8,491,0,0
166,2002-08-21,308.7,309.2,305.5,307.8,651,0,0
167,2002-08-22,307.3,307.4,304.6,306.9,521,0,0
168,2002-08-23,306.3,306.85,303.95,306.8,531,0,0
169,2002-08-26,306.2,310.1,306.2,309.3,471,0,0
170,2002-08-27,308.7,312.6,308.15,312.5,511,0,0
171,2002-08-28,312.0,312.1,309.2,310.0,381,0,0
172,2002-08-29,309.3,313.7,307.0,313.7,901,0,0
173,2002-08-30,313.2,314.3,311.4,312.5,511,0,0
174,2002-09-02,312.0,312.15,311.65,312.0,101,0,0
175,2002-09-03,311.5,314.2,310.9,313.9,421,0,0
176,2002-09-04,313.3,315.5,312.3,314.5,521,0,0
177,2002-09-05,314.0,319.0,313.45,319.0,611,0,0
178,2002-09-06,318.5,321.1,317.6,320.0,551,0,0
179,2002-09-09,319.4,323.6,318.8,321.0,801,0,0
180,2002-09-10,320.5,320.7,317.1,317.5,421,0,0
181,2002-09-11,317.0,318.0,314.4,317.1,711,0,0
182,2002-09-12,316.6,319.5,316.4,318.85,396,0,0
183,2002-09-13,318.3,319.6,315.4,316.6,671,0,0
184,2002-09-16,316.55,318.5,314.6,317.45,1556,0,0
185,2002-09-17,315.75,318.02,313.5,317.75,1575,0,0
186,2002-09-18,318.35,321.6,316.3,320.17,1887,0,0
187,2002-09-19,320.37,323.82,319.32,323.27,2015,0,0
188,2002-09-20,323.05,324.5,320.5,322.15,1459,0,0
189,2002-09-23,322.15,325.1,320.9,322.75,1590,0,0
190,2002-09-24,322.22,328.3,322.2,326.15,2115,0,0
191,2002-09-25,326.25,326.8,322.0,322.25,1213,0,0
192,2002-09-26,322.47,323.75,318.5,320.05,1529,0,0
193,2002-09-27,319.9,322.3,318.8,319.95,1386,0,0
194,2002-09-30,320.25,325.5,319.4,324.17,1422,0,0
195,2002-10-01,323.5,323.5,323.5,323.5,2,0,0
196,2002-10-02,320.5,323.2,319.8,322.85,2136,0,0
197,2002-10-03,323.05,324.72,321.1,321.65,233,0,0
198,2002-10-04,321.37,323.1,319.0,322.25,1092,0,0
199,2002-10-07,322.25,323.7,321.2,322.37,209,0,0
200,2002-10-08,322.45,322.8,317.92,318.25,711,0,0
201,2002-10-09,318.45,320.7,318.2,320.05,559,0,0
202,2002-10-10,320.05,321.2,316.0,316.85,831,0,0
203,2002-10-11,316.97,318.6,315.9,316.75,1059,0,0
204,2002-10-14,318.45,319.1,316.8,317.95,1966,0,0
205,2002-10-15,318.4,318.7,312.1,313.4,3316,0,0
206,2002-10-16,313.5,315.4,313.2,314.35,1225,0,0
207,2002-10-17,313.75,314.32,310.4,311.55,1600,0,0
208,2002-10-18,311.45,313.7,310.22,312.85,984,0,0
209,2002-10-21,312.5,314.1,310.2,311.15,1168,0,0
210,2002-10-22,311.05,313.9,310.2,313.05,1188,0,0
211,2002-10-23,313.0,314.1,311.6,311.85,475,0,0
212,2002-10-24,311.95,312.9,308.5,311.4,1033,0,0
213,2002-10-25,311.77,314.6,308.5,313.05,921,0,0
214,2002-10-28,313.27,315.6,312.5,315.4,1034,0,0
215,2002-10-29,314.55,318.6,314.3,316.75,1615,0,0
216,2002-10-30,316.97,317.7,315.6,316.37,985,0,0
217,2002-10-31,316.25,318.5,315.7,317.77,1159,0,0
218,2002-11-01,317.75,321.8,317.3,318.75,1801,0,0
219,2002-11-04,320.35,320.6,316.5,318.55,1063,0,0
220,2002-11-05,318.55,320.2,317.5,317.75,939,0,0
221,2002-11-06,317.85,318.8,316.6,318.15,970,0,0
222,2002-11-07,318.05,321.5,317.8,320.97,1411,0,0
223,2002-11-08,321.05,323.5,320.0,321.55,1377,0,0
224,2002-11-11,321.55,322.1,319.5,321.65,650,0,0
225,2002-11-12,321.47,325.1,320.4,324.45,1219,0,0
226,2002-11-13,323.75,325.4,316.5,318.92,3548,0,0
227,2002-11-14,319.07,320.0,316.8,318.1,1509,0,0
228,2002-11-15,318.15,321.4,317.2,320.55,1469,0,0
229,2002-11-18,320.55,321.3,317.8,319.45,1060,0,0
230,2002-11-19,319.35,320.8,318.3,318.75,1078,0,0
231,2002-11-20,318.85,320.35,317.2,317.85,1263,0,0
232,2002-11-21,317.95,319.1,317.02,317.65,1063,0,0
233,2002-11-22,317.75,322.5,316.3,321.05,1689,0,0
234,2002-11-25,320.15,321.5,316.7,318.07,1357,0,0
235,2002-11-26,318.25,319.4,316.9,318.35,1033,0,0
236,2002-11-27,318.45,319.1,315.62,317.25,1036,0,0
237,2002-11-28,317.37,318.6,316.02,317.85,469,0,0
238,2002-11-29,317.85,320.6,316.8,317.9,332,0,0
239,2002-12-02,318.47,319.3,315.7,317.75,1389,0,0
240,2002-12-03,317.85,321.32,316.9,320.75,1634,0,0
241,2002-12-04,320.65,324.1,319.4,322.15,1468,0,0
242,2002-12-05,322.15,325.3,320.7,324.57,1609,0,0
243,2002-12-06,324.65,329.6,323.62,326.25,2088,0,0
244,2002-12-09,326.57,326.82,324.5,325.95,1138,0,0
245,2002-12-10,326.05,326.8,322.3,323.45,742,0,0
246,2002-12-11,323.55,325.6,322.4,324.97,1022,0,0
247,2002-12-12,324.85,333.1,324.0,331.35,2039,0,0
248,2002-12-13,331.25,336.0,329.8,330.55,2070,0,0
249,2002-12-16,333.15,337.8,331.9,336.65,1150,0,0
250,2002-12-17,336.75,343.2,335.6,336.75,2773,0,0
251,2002-12-18,336.85,343.4,335.7,343.4,2288,0,0
252,2002-12-19,345.22,354.72,343.2,345.55,2490,0,0
253,2002-12-20,345.86,349.05,338.35,340.75,1992,0,0
254,2002-12-23,340.76,346.6,340.45,345.35,1548,0,0
255,2002-12-24,345.65,349.5,344.4,346.55,1322,0,0
256,2002-12-25,346.97,347.5,343.5,344.72,33,0,0
257,2002-12-26,345.47,350.52,343.1,349.75,718,0,0
258,2002-12-27,349.65,351.51,346.6,349.25,1928,0,0
259,2002-12-30,349.17,350.5,341.85,343.65,1769,0,0
260,2002-12-31,343.65,348.4,341.1,347.8,1358,0,0
261,2003-01-01,347.3,347.8,346.7,347.8,1701,0,0
262,2003-01-02,348.05,348.3,342.11,345.58,1799,0,0
263,2003-01-03,345.36,353.5,343.0,351.25,2209,0,0
264,2003-01-06,349.85,357.35,349.6,351.25,2504,0,0
265,2003-01-07,350.75,352.05,344.45,347.25,2552,0,0
266,2003-01-08,347.15,356.0,344.8,353.59,3281,0,0
267,2003-01-09,353.45,357.75,350.9,354.26,2875,0,0
268,2003-01-10,353.86,356.65,350.05,354.75,2712,0,0
269,2003-01-13,354.75,355.4,351.2,353.0,1990,0,0
270,2003-01-14,354.85,355.25,351.01,351.5,2849,0,0
271,2003-01-15,351.75,353.9,345.51,350.75,2504,0,0
272,2003-01-16,350.55,359.2,350.1,357.45,3013,0,0
273,2003-01-17,357.09,358.85,354.95,356.55,2174,0,0
274,2003-01-20,356.55,357.4,355.34,355.75,405,0,0
275,2003-01-21,355.75,358.25,353.05,357.9,2308,0,0
276,2003-01-22,357.75,363.0,357.1,361.55,2419,0,0
277,2003-01-23,362.09,368.21,360.61,363.35,2795,0,0
278,2003-01-24,363.05,370.5,362.5,368.35,2490,0,0
279,2003-01-27,373.97,374.22,367.0,369.65,2254,0,0
280,2003-01-28,369.09,370.55,365.4,368.96,2156,0,0
281,2003-01-29,369.25,371.61,365.21,365.95,2629,0,0
282,2003-01-30,366.25,370.6,362.4,370.04,3316,0,0
283,2003-01-31,370.36,372.22,366.9,368.15,2229,0,0
284,2003-02-03,368.15,372.2,367.4,371.05,1929,0,0
285,2003-02-04,371.34,382.09,371.09,382.09,3328,0,0
286,2003-02-05,382.11,388.75,370.0,371.5,3737,0,0
287,2003-02-06,370.0,376.85,367.8,370.25,2242,0,0
288,2003-02-07,369.3,375.15,366.75,369.75,3463,0,0
289,2003-02-10,370.0,373.36,362.4,362.75,2986,0,0
290,2003-02-11,362.61,365.95,360.25,363.45,3255,0,0
291,2003-02-12,363.84,365.75,351.09,352.75,3130,0,0
292,2003-02-13,352.9,358.95,346.75,356.55,2620,0,0
293,2003-02-14,356.75,358.35,347.85,351.55,2868,0,0
294,2003-02-17,351.0,352.35,341.0,347.2,891,0,0
295,2003-02-18,347.0,348.97,342.25,343.55,2843,0,0
296,2003-02-19,343.85,349.7,341.97,349.7,2877,0,0
297,2003-02-20,349.61,354.78,349.1,352.45,3501,0,0
298,2003-02-21,352.64,355.05,350.35,351.9,2193,0,0
299,2003-02-24,351.75,358.04,350.0,357.09,2296,0,0
300,2003-02-25,357.07,360.65,350.25,351.95,2396,0,0
301,2003-02-26,352.09,355.55,350.9,354.05,2470,0,0
302,2003-02-27,354.62,357.15,345.0,345.95,2844,0,0
303,2003-02-28,345.11,351.5,344.75,349.95,3188,0,0
304,2003-03-03,349.5,349.86,344.7,349.86,2149,0,0
305,2003-03-04,349.95,355.0,348.97,353.15,2335,0,0
306,2003-03-05,354.11,357.9,351.28,353.55,1638,0,0
307,2003-03-06,353.87,357.4,352.1,356.25,4246,0,0
308,2003-03-07,356.34,358.6,346.5,350.75,2793,0,0
309,2003-03-10,352.22,355.5,351.47,354.72,2273,0,0
310,2003-03-11,354.85,355.47,348.2,350.65,1950,0,0
311,2003-03-12,350.53,351.0,345.3,346.0,2266,0,0
312,2003-03-13,346.35,346.86,331.45,334.35,1932,0,0
313,2003-03-14,334.45,338.15,331.5,336.35,1577,0,0
314,2003-03-17,339.95,345.65,334.45,336.9,1831,0,0
315,2003-03-18,337.15,340.98,333.75,338.1,1719,0,0
316,2003-03-19,337.95,341.25,333.95,336.43,2024,0,0
317,2003-03-20,336.85,338.15,331.6,332.25,2194,0,0
318,2003-03-21,331.97,335.0,325.49,326.05,2324,0,0
319,2003-03-24,328.13,331.25,325.88,329.65,1909,0,0
320,2003-03-25,329.85,334.7,327.1,328.55,2190,0,0
321,2003-03-26,328.74,331.25,327.88,330.25,1459,0,0
322,2003-03-27,330.35,334.62,328.1,328.45,2255,0,0
323,2003-03-28,329.6,332.9,328.9,332.45,1707,0,0
324,2003-03-31,332.61,337.0,332.2,336.55,2188,0,0
325,2003-04-01,337.11,339.15,333.28,334.95,1952,0,0
326,2003-04-02,335.5,335.8,327.38,329.95,1604,0,0
327,2003-04-03,329.5,329.8,323.13,325.32,2253,0,0
328,2003-04-04,325.41,325.95,321.88,325.38,2314,0,0
329,2003-04-07,321.72,323.38,318.88,322.8,2102,0,0
330,2003-04-08,322.72,324.63,319.07,323.05,1944,0,0
331,2003-04-09,323.01,327.6,320.88,326.82,2430,0,0
332,2003-04-10,326.85,327.7,323.86,326.5,2214,0,0
333,2003-04-11,326.12,329.55,322.88,328.05,1943,0,0
334,2003-04-14,326.13,327.7,323.7,324.85,1598,0,0
335,2003-04-15,324.63,326.62,321.88,324.95,1808,0,0
336,2003-04-16,324.72,327.13,322.38,326.45,1999,0,0
337,2003-04-17,326.82,328.5,325.5,327.13,1149,0,0
338,2003-04-18,327.22,327.7,325.3,327.0,145,0,0
339,2003-04-21,327.13,334.3,326.3,333.55,1540,0,0
340,2003-04-22,333.65,336.66,331.7,333.11,2507,0,0
341,2003-04-23,333.15,336.09,330.8,331.25,2206,0,0
342,2003-04-24,331.22,335.5,330.87,334.45,2331,0,0
343,2003-04-25,334.3,334.97,332.09,333.25,1523,0,0
344,2003-04-28,333.34,335.6,328.43,334.05,2056,0,0
345,2003-04-29,328.7,334.8,327.13,333.45,1566,0,0
346,2003-04-30,329.1,340.35,328.85,338.55,2735,0,0
347,2003-05-01,339.45,343.75,337.7,341.75,2319,0,0
348,2003-05-02,342.15,344.0,338.7,340.95,2236,0,0
349,2003-05-05,341.72,343.7,340.47,342.25,1426,0,0
350,2003-05-06,342.35,345.45,340.97,344.55,2044,0,0
351,2003-05-07,344.34,345.05,339.15,342.05,2164,0,0
352,2003-05-08,341.95,349.95,340.5,348.6,2627,0,0
353,2003-05-09,348.65,349.62,346.2,348.55,1959,0,0
354,2003-05-12,348.8,352.85,348.47,351.25,2133,0,0
355,2003-05-13,351.5,352.25,348.55,349.71,1627,0,0
356,2003-05-14,350.0,355.85,348.05,352.45,2536,0,0
357,2003-05-15,352.5,356.3,350.7,352.0,2155,0,0
358,2003-05-16,351.65,357.5,351.07,354.75,2203,0,0
359,2003-05-19,357.0,366.0,356.4,366.0,1572,0,0
360,2003-05-20,366.34,370.6,363.8,367.95,2716,0,0
361,2003-05-21,368.05,373.65,363.36,372.34,2935,0,0
362,2003-05-22,371.84,373.3,366.4,368.34,2422,0,0
363,2003-05-23,368.25,371.3,365.0,368.75,2089,0,0
364,2003-05-26,368.0,371.36,367.3,370.9,434,0,0
365,2003-05-27,370.61,375.02,364.5,365.11,2327,0,0
366,2003-05-28,364.95,367.3,358.3,364.52,2150,0,0
367,2003-05-29,366.11,370.35,359.4,369.25,2266,0,0
368,2003-05-30,368.61,369.45,360.4,364.85,1981,0,0
369,2003-06-02,363.25,367.7,359.36,365.95,2560,0,0
370,2003-06-03,365.85,367.65,363.25,365.25,1916,0,0
371,2003-06-04,365.52,366.37,360.59,362.75,2270,0,0
372,2003-06-05,361.82,370.3,360.7,368.3,2525,0,0
373,2003-06-06,368.22,369.1,361.4,363.85,2275,0,0
374,2003-06-09,362.75,367.45,360.8,361.32,2033,0,0
375,2003-06-10,362.05,362.3,351.15,352.34,2722,0,0
376,2003-06-11,353.11,357.7,351.0,354.72,2380,0,0
377,2003-06-12,355.0,356.27,350.7,353.4,2250,0,0
378,2003-06-13,353.22,357.5,351.2,356.75,2220,0,0
379,2003-06-16,356.75,361.75,356.47,359.4,1199,0,0
380,2003-06-17,359.35,365.28,356.97,362.8,1872,0,0
381,2003-06-18,363.12,364.8,356.38,357.15,1416,0,0
382,2003-06-19,357.7,363.1,355.2,362.0,1745,0,0
383,2003-06-20,361.3,363.4,355.1,356.25,1987,0,0
384,2003-06-23,357.25,358.86,350.28,352.72,2265,0,0
385,2003-06-24,352.75,355.3,345.67,347.09,2975,0,0
386,2003-06-25,347.5,350.3,346.47,347.4,2028,0,0
387,2003-06-26,347.35,348.9,343.05,344.15,2077,0,0
388,2003-06-27,343.95,347.4,342.4,345.22,2028,0,0
389,2003-06-30,345.11,348.7,343.8,345.75,1482,0,0
390,2003-07-01,345.85,353.85,344.17,350.82,2259,0,0
391,2003-07-02,350.72,353.4,349.67,351.5,1397,0,0
392,2003-07-03,351.22,352.5,348.9,350.62,1148,0,0
393,2003-07-04,351.02,351.7,350.1,351.05,440,0,0
394,2003-07-07,350.63,352.08,346.89,347.92,2982,0,0
395,2003-07-08,347.78,348.58,342.23,344.22,3978,0,0
396,2003-07-09,344.5,346.5,343.27,344.17,3840,0,0
397,2003-07-10,344.43,346.17,342.07,345.1,3281,0,0
398,2003-07-11,345.03,345.8,342.45,344.8,3163,0,0
399,2003-07-14,345.0,348.5,344.0,347.39,2536,0,0
400,2003-07-15,347.35,349.77,341.02,342.51,4360,0,0
401,2003-07-16,342.57,344.9,340.1,343.3,3290,0,0
402,2003-07-17,343.52,345.77,340.73,344.49,3511,0,0
403,2003-07-18,344.68,348.3,342.98,347.15,2828,0,0
404,2003-07-21,347.5,352.8,346.7,351.47,2249,0,0
405,2003-07-22,352.0,353.68,347.87,350.75,2164,0,0
406,2003-07-23,351.12,359.97,349.92,359.97,2525,0,0
407,2003-07-24,360.4,364.3,355.9,357.0,2564,0,0
408,2003-07-25,360.11,364.92,359.3,362.75,2343,0,0
409,2003-07-28,362.75,368.0,359.87,364.5,1870,0,0
410,2003-07-29,365.25,365.7,360.28,361.5,2412,0,0
411,2003-07-30,361.55,362.1,354.88,356.42,1956,0,0
412,2003-07-31,356.35,358.25,353.28,354.25,2865,0,0
413,2003-08-01,355.32,357.92,344.95,346.35,2391,0,0
414,2003-08-04,347.6,350.8,346.4,349.3,2223,0,0
415,2003-08-05,349.45,352.57,348.0,351.9,2081,0,0
416,2003-08-06,352.1,353.87,345.48,351.5,2230,0,0
417,2003-08-07,351.22,354.69,349.25,352.6,2296,0,0
418,2003-08-08,352.75,358.25,352.1,356.75,1879,0,0
419,2003-08-11,356.34,362.59,355.9,361.85,2033,0,0
420,2003-08-12,361.72,362.65,357.97,358.52,2096,0,0
421,2003-08-13,358.55,365.1,355.59,362.45,2263,0,0
422,2003-08-14,362.65,367.8,350.77,366.86,2555,0,0
423,2003-08-15,366.84,367.17,362.9,363.5,1292,0,0
424,2003-08-18,363.61,364.25,357.4,358.35,1924,0,0
425,2003-08-19,358.84,362.95,355.95,361.71,2461,0,0
426,2003-08-20,361.94,367.15,361.19,366.25,2560,0,0
427,2003-08-21,366.34,366.95,358.05,361.09,2434,0,0
428,2003-08-22,361.15,364.68,357.98,362.95,2222,0,0
429,2003-08-25,362.55,364.12,360.19,361.15,2041,0,0
430,2003-08-26,361.35,366.35,358.9,364.55,2217,0,0
431,2003-08-27,364.65,374.45,362.8,372.6,3280,0,0
432,2003-08-28,372.12,372.75,365.1,369.8,3099,0,0
433,2003-08-29,370.0,378.0,366.35,375.55,3264,0,0
434,2003-09-01,375.0,379.35,374.35,375.55,903,0,0
435,2003-09-02,375.5,379.55,371.05,371.6,1252,0,0
436,2003-09-03,371.8,375.75,369.55,373.8,1663,0,0
437,2003-09-04,374.3,375.75,370.25,373.3,476,0,0
438,2003-09-05,373.6,379.35,370.25,377.35,1120,0,0
439,2003-09-08,377.0,377.55,373.25,375.1,1857,0,0
440,2003-09-09,375.25,384.1,374.25,382.6,2869,0,0
441,2003-09-10,381.8,383.12,378.12,380.5,2286,0,0
442,2003-09-11,380.6,381.85,374.7,379.8,2480,0,0
443,2003-09-12,380.5,382.4,374.55,375.3,2807,0,0
444,2003-09-15,375.5,377.55,372.25,374.1,2177,0,0
445,2003-09-16,374.3,376.85,371.35,373.1,2207,0,0
446,2003-09-17,373.6,377.55,372.0,376.6,2320,0,0
447,2003-09-18,376.6,380.25,374.95,376.6,2398,0,0
448,2003-09-19,376.6,383.8,372.0,381.8,2357,0,0
449,2003-09-22,381.25,388.85,380.75,387.0,2545,0,0
450,2003-09-23,386.8,388.25,382.65,385.1,2325,0,0
451,2003-09-24,384.8,389.85,382.75,389.3,2431,0,0
452,2003-09-25,389.35,394.0,383.3,385.6,3026,0,0
453,2003-09-26,385.5,386.85,378.8,380.6,2629,0,0
454,2003-09-29,381.5,385.5,378.8,382.3,2376,0,0
455,2003-09-30,382.8,388.8,381.2,385.35,2655,0,0
456,2003-10-01,385.5,386.85,382.4,384.8,2204,0,0
457,2003-10-02,384.8,387.35,380.72,383.0,2523,0,0
458,2003-10-03,382.8,386.4,366.0,369.55,2881,0,0
459,2003-10-06,369.8,373.85,368.85,372.85,2343,0,0
460,2003-10-07,373.11,377.6,371.8,376.3,2327,0,0
461,2003-10-08,376.8,378.7,374.3,375.5,1929,0,0
462,2003-10-09,375.3,377.85,367.7,370.25,2748,0,0
463,2003-10-10,370.0,374.35,368.3,373.65,2136,0,0
464,2003-10-13,373.1,375.85,369.3,374.55,2174,0,0
465,2003-10-14,374.75,377.1,372.0,375.5,2577,0,0
466,2003-10-15,375.5,376.75,371.1,373.3,2480,0,0
467,2003-10-16,372.8,375.55,370.35,372.1,2850,0,0
468,2003-10-17,371.6,373.05,366.2,371.55,2606,0,0
469,2003-10-20,371.3,374.85,369.25,373.6,2675,0,0
470,2003-10-21,373.1,382.1,372.2,381.5,2957,0,0
471,2003-10-22,381.0,387.7,379.45,386.1,3130,0,0
472,2003-10-23,385.75,388.55,382.5,384.3,2953,0,0
473,2003-10-24,384.5,392.7,383.55,388.8,3150,0,0
474,2003-10-27,387.6,389.05,385.05,388.1,2499,0,0
475,2003-10-28,387.6,389.05,382.05,383.1,2537,0,0
476,2003-10-29,382.6,387.8,379.4,386.5,3283,0,0
477,2003-10-30,386.3,391.95,381.75,383.8,3166,0,0
478,2003-10-31,383.3,389.6,381.2,384.5,2751,0,0
479,2003-11-03,384.6,385.6,375.8,376.65,2425,0,0
480,2003-11-04,377.35,381.2,376.0,379.8,2657,0,0
481,2003-11-05,379.05,384.55,378.4,381.6,3018,0,0
482,2003-11-06,381.5,384.55,378.85,379.95,2650,0,0
483,2003-11-07,379.6,383.9,375.65,383.3,3139,0,0
484,2003-11-10,382.8,387.7,381.85,385.95,2447,0,0
485,2003-11-11,385.6,389.75,385.25,387.95,2764,0,0
486,2003-11-12,387.6,396.9,386.45,394.47,4792,0,0
487,2003-11-13,394.63,398.3,391.9,393.92,5088,0,0
488,2003-11-14,394.05,399.4,393.02,397.48,4983,0,0
489,2003-11-17,396.7,399.89,385.55,391.3,4172,0,0
490,2003-11-18,390.8,399.0,389.75,397.41,4963,0,0
491,2003-11-19,397.47,401.01,392.3,395.05,5032,0,0
492,2003-11-20,394.75,397.6,391.5,393.52,4496,0,0
493,2003-11-21,393.15,398.96,392.35,395.82,4785,0,0
494,2003-11-24,395.82,397.25,390.0,391.42,3855,0,0
495,2003-11-25,391.37,394.1,389.23,391.23,4165,0,0
496,2003-11-26,391.25,401.1,390.35,396.87,4691,0,0
497,2003-11-27,396.89,397.85,394.55,395.25,2029,0,0
498,2003-11-28,395.5,399.85,393.55,398.05,1172,0,0
499,2003-12-01,397.5,403.95,396.55,402.3,4107,0,0
500,2003-12-02,403.5,406.25,398.85,403.5,5203,0,0
501,2003-12-03,403.0,405.35,400.15,404.8,3987,0,0
502,2003-12-04,404.3,405.45,399.25,402.5,4496,0,0
503,2003-12-05,403.1,407.15,399.25,406.1,1300,0,0
504,2003-12-08,406.3,410.05,404.05,407.3,572,0,0
505,2003-12-09,407.3,409.85,405.35,408.0,773,0,0
506,2003-12-10,408.0,412.25,405.05,405.75,607,0,0
507,2003-12-11,405.3,406.85,402.74,404.5,226,0,0
508,2003-12-12,404.8,409.05,403.6,409.05,306,0,0
509,2003-12-15,403.2,410.95,401.05,410.25,81,0,0
510,2003-12-16,410.35,410.6,406.9,407.15,513,0,0
511,2003-12-17,406.8,412.9,406.8,412.45,621,0,0
512,2003-12-18,412.55,412.9,407.3,410.65,696,0,0
513,2003-12-19,410.65,411.4,407.2,409.1,581,0,0
514,2003-12-22,409.35,411.7,407.8,409.85,348,0,0
515,2003-12-23,409.75,411.4,408.6,410.75,307,0,0
516,2003-12-24,410.75,413.0,410.3,411.8,245,0,0
517,2003-12-25,411.7,414.3,411.6,412.7,19,0,0
518,2003-12-26,412.65,414.3,410.4,413.3,37,0,0
519,2003-12-29,413.55,415.9,411.7,414.9,419,0,0
520,2003-12-30,415.15,417.4,414.3,416.25,389,0,0
521,2003-12-31,416.35,417.9,413.9,415.75,292,0,0
522,2004-01-01,414.61,415.19,414.45,414.88,122,0,0
523,2004-01-02,415.35,416.5,414.5,415.3,61,0,0
524,2004-01-05,415.55,425.1,415.3,423.65,463,0,0
525,2004-01-06,423.55,430.7,420.6,422.35,556,0,0
526,2004-01-07,422.25,424.9,419.6,420.45,608,0,0
527,2004-01-08,420.45,425.6,417.2,423.75,653,0,0
528,2004-01-09,423.85,427.7,420.6,426.55,869,0,0
529,2004-01-12,426.75,429.1,423.0,424.85,623,0,0
530,2004-01-13,425.35,427.0,422.3,423.9,642,0,0
531,2004-01-14,424.05,425.25,417.3,420.4,730,0,0
532,2004-01-15,420.55,420.8,407.5,409.07,915,0,0
533,2004-01-16,408.67,411.0,405.2,406.6,583,0,0
534,2004-01-19,406.65,409.3,406.2,407.0,84,0,0
535,2004-01-20,407.25,413.4,405.1,412.78,548,0,0
536,2004-01-21,412.74,413.5,407.1,410.65,546,0,0
537,2004-01-22,410.85,413.4,407.9,409.35,647,0,0
538,2004-01-23,409.45,412.9,406.2,407.7,336,0,0
539,2004-01-26,407.7,409.5,404.0,404.25,539,0,0
540,2004-01-27,404.05,412.5,403.0,410.05,603,0,0
541,2004-01-28,410.15,415.3,407.9,410.45,560,0,0
542,2004-01-29,410.05,411.2,396.3,399.35,595,0,0
543,2004-01-30,399.25,402.8,398.4,402.4,317,0,0
544,2004-02-02,402.3,403.4,394.1,398.25,574,0,0
545,2004-02-03,398.1,403.7,398.1,399.55,550,0,0
546,2004-02-04,399.45,401.3,398.5,400.78,385,0,0
547,2004-02-05,400.85,401.1,396.7,396.95,565,0,0
548,2004-02-06,397.35,409.0,394.38,403.35,422,0,0
549,2004-02-09,403.48,407.87,402.25,406.75,774,0,0
550,2004-02-10,406.63,410.5,405.6,406.25,912,0,0
551,2004-02-11,406.04,412.0,404.46,409.95,901,0,0
552,2004-02-12,409.68,414.0,409.45,413.46,927,0,0
553,2004-02-13,413.48,417.5,406.6,410.03,951,0,0
554,2004-02-16,410.03,412.19,409.67,411.79,359,0,0
555,2004-02-17,411.8,416.36,410.9,415.77,893,0,0
556,2004-02-18,415.85,417.12,409.24,412.09,1217,0,0
557,2004-02-19,412.04,413.35,407.7,409.58,954,0,0
558,2004-02-20,409.59,412.01,393.7,397.4,1238,0,0
559,2004-02-23,397.0,400.8,395.5,398.8,1210,0,0
560,2004-02-24,398.66,404.8,397.93,404.26,623,0,0
561,2004-02-25,404.26,405.3,392.9,395.63,1017,0,0
562,2004-02-26,395.64,397.85,390.6,395.09,1013,0,0
563,2004-02-27,395.09,398.3,391.9,396.24,1023,0,0
564,2004-03-01,396.25,403.31,396.03,399.15,952,0,0
565,2004-03-02,399.2,402.13,390.7,393.46,1015,0,0
566,2004-03-03,393.44,394.01,387.9,392.43,1021,0,0
567,2004-03-04,392.46,395.83,391.15,392.94,1013,0,0
568,2004-03-05,392.97,401.85,391.91,401.35,1100,0,0
569,2004-03-08,401.34,401.7,397.75,400.67,737,0,0
570,2004-03-09,400.68,406.4,400.08,404.24,927,0,0
571,2004-03-10,403.95,404.74,397.35,400.02,1333,0,0
572,2004-03-11,400.07,401.48,396.9,400.75,5138,0,0
573,2004-03-12,400.75,403.01,394.7,395.35,5442,0,0
574,2004-03-15,395.37,400.9,395.06,399.4,4319,0,0
575,2004-03-16,399.39,404.1,398.98,402.15,4532,0,0
576,2004-03-17,401.9,407.55,401.0,406.91,2967,0,0
577,2004-03-18,406.89,412.75,405.78,410.99,3471,0,0
578,2004-03-19,411.0,413.4,408.8,412.41,3140,0,0
579,2004-03-22,412.38,418.95,411.06,417.27,2924,0,0
580,2004-03-23,417.27,420.8,415.06,419.71,2826,0,0
581,2004-03-24,419.71,420.05,414.4,417.06,3301,0,0
582,2004-03-25,417.05,418.6,414.61,416.65,3137,0,0
583,2004-03-26,416.65,424.0,414.8,421.95,2675,0,0
584,2004-03-29,422.08,422.61,416.16,416.83,2624,0,0
585,2004-03-30,416.81,422.5,416.32,421.63,3371,0,0
586,2004-03-31,421.64,427.6,420.14,427.18,3040,0,0
587,2004-04-01,427.21,432.6,424.6,427.59,2920,0,0
588,2004-04-02,427.6,431.5,417.35,421.39,3029,0,0
589,2004-04-05,421.48,421.81,413.2,415.27,3368,0,0
590,2004-04-06,415.25,419.82,413.79,418.74,3362,0,0
591,2004-04-07,418.74,424.2,417.21,422.7,3350,0,0
592,2004-04-08,422.68,423.56,418.3,419.69,3156,0,0
593,2004-04-09,419.69,421.53,419.22,421.26,808,0,0
594,2004-04-12,421.07,422.32,417.09,419.86,1822,0,0
595,2004-04-13,419.9,421.52,405.07,406.97,3396,0,0
596,2004-04-14,406.94,408.09,396.52,399.74,3145,0,0
597,2004-04-15,399.74,401.77,395.37,398.98,2954,0,0
598,2004-04-16,398.98,402.9,396.58,400.82,3177,0,0
599,2004-04-19,400.37,405.5,399.97,400.53,2231,0,0
600,2004-04-20,400.54,401.32,395.56,397.67,2891,0,0
601,2004-04-21,397.71,398.05,389.56,390.8,3317,0,0
602,2004-04-22,390.79,394.2,390.13,393.4,3408,0,0
603,2004-04-23,393.4,396.95,392.5,395.19,2521,0,0
604,2004-04-26,395.1,398.2,393.0,395.8,2345,0,0
605,2004-04-27,395.86,399.5,395.86,398.58,1927,0,0
606,2004-04-28,398.59,398.98,383.45,385.9,3215,0,0
607,2004-04-29,385.9,388.42,377.38,386.81,2074,0,0
608,2004-04-30,386.77,391.24,385.67,387.59,1661,0,0
609,2004-05-03,387.59,389.87,385.64,387.29,2159,0,0
610,2004-05-04,387.31,393.88,387.01,391.53,2598,0,0
611,2004-05-05,391.28,395.19,390.13,393.6,2725,0,0
612,2004-05-06,393.6,394.02,386.63,388.17,2625,0,0
613,2004-05-07,388.25,390.3,377.4,378.99,3172,0,0
614,2004-05-10,379.02,379.99,371.45,378.58,2704,0,0
615,2004-05-11,378.34,380.33,374.32,377.09,981,0,0
616,2004-05-12,377.08,384.7,376.81,377.6,1666,0,0
617,2004-05-13,377.61,379.5,372.8,374.84,2725,0,0
618,2004-05-14,374.5,377.97,372.8,377.06,2924,0,0
619,2004-05-17,376.82,383.93,376.5,379.59,4244,0,0
620,2004-05-18,379.6,379.98,375.25,375.75,3365,0,0
621,2004-05-19,375.72,383.76,375.04,382.4,3388,0,0
622,2004-05-20,382.43,383.3,378.08,378.56,2734,0,0
623,2004-05-21,378.56,387.58,378.26,384.97,3307,0,0
624,2004-05-24,384.97,387.12,383.25,386.1,3096,0,0
625,2004-05-25,386.14,390.29,384.73,388.49,2274,0,0
626,2004-05-26,388.51,392.93,387.56,388.17,2599,0,0
627,2004-05-27,388.2,396.27,387.93,395.24,2015,0,0
628,2004-05-28,395.84,396.98,392.47,394.07,1658,0,0
629,2004-05-31,394.05,396.05,393.76,395.38,237,0,0
630,2004-06-01,395.41,399.18,393.3,394.7,2379,0,0
631,2004-06-02,394.71,397.13,390.05,391.71,2691,0,0
632,2004-06-03,391.65,393.11,387.34,388.18,1717,0,0
633,2004-06-04,388.14,391.97,384.37,391.03,1294,0,0
634,2004-06-07,390.6,394.51,390.6,393.86,1741,0,0
635,2004-06-08,393.5,395.31,390.9,390.9,1819,0,0
636,2004-06-09,390.8,392.1,383.64,384.53,2965,0,0
637,2004-06-10,384.3,388.05,381.6,385.5,2337,0,0
638,2004-06-11,385.6,386.25,383.05,384.3,569,0,0
639,2004-06-14,384.8,386.55,382.05,383.3,2007,0,0
640,2004-06-15,383.3,389.35,381.35,387.8,2093,0,0
641,2004-06-16,389.1,390.55,382.85,384.1,2129,0,0
642,2004-06-17,384.3,390.05,383.25,388.8,1667,0,0
643,2004-06-18,388.6,396.55,386.05,394.8,2418,0,0
644,2004-06-21,394.6,397.55,392.35,393.6,1794,0,0
645,2004-06-22,393.95,397.05,392.55,394.8,1581,0,0
646,2004-06-23,395.1,397.35,392.55,395.55,1982,0,0
647,2004-06-24,395.8,403.55,393.35,402.8,2178,0,0
648,2004-06-25,402.5,403.55,400.35,401.6,1754,0,0
649,2004-06-28,402.5,405.35,399.05,400.3,2251,0,0
650,2004-06-29,401.1,401.55,390.55,392.6,2281,0,0
651,2004-06-30,391.6,397.05,391.35,392.1,2273,0,0
652,2004-07-01,392.8,396.55,391.75,395.5,1893,0,0
653,2004-07-02,395.3,400.55,391.55,398.55,1666,0,0
654,2004-07-05,398.13,399.48,397.15,398.05,1485,0,0
655,2004-07-06,398.26,399.58,388.41,392.55,1780,0,0
656,2004-07-07,392.56,403.9,392.13,402.24,898,0,0
657,2004-07-08,402.21,409.47,399.62,407.77,1016,0,0
658,2004-07-09,407.78,408.55,405.3,407.48,889,0,0
659,2004-07-12,407.49,408.98,405.3,407.96,981,0,0
660,2004-07-13,407.98,408.32,400.73,402.1,1079,0,0
661,2004-07-14,402.13,406.38,402.13,405.15,1097,0,0
662,2004-07-15,405.18,406.0,401.13,403.96,1156,0,0
663,2004-07-16,403.98,407.92,402.45,406.4,932,0,0
664,2004-07-19,406.14,408.38,404.12,405.7,805,0,0
665,2004-07-20,405.68,406.9,399.17,401.77,805,0,0
666,2004-07-21,401.73,402.45,394.4,397.0,930,0,0
667,2004-07-22,397.03,398.69,393.73,395.0,977,0,0
668,2004-07-23,395.03,396.0,387.0,390.28,1050,0,0
669,2004-07-26,390.43,392.78,389.18,390.88,761,0,0
670,2004-07-27,390.88,393.95,385.6,387.0,1079,0,0
671,2004-07-28,387.0,391.25,385.18,389.08,814,0,0
672,2004-07-29,389.06,391.53,385.2,387.37,830,0,0
673,2004-07-30,387.39,392.87,387.08,391.33,1459,0,0
674,2004-08-02,391.27,394.72,390.95,392.03,600,0,0
675,2004-08-03,392.05,395.07,388.73,394.11,839,0,0
676,2004-08-04,394.13,394.55,390.33,392.39,764,0,0
677,2004-08-05,392.4,393.73,390.48,392.44,626,0,0
678,2004-08-06,392.45,400.4,391.46,399.55,560,0,0
679,2004-08-09,394.65,401.07,394.4,400.67,672,0,0
680,2004-08-10,400.67,401.32,398.62,400.0,1447,0,0
681,2004-08-11,399.96,400.25,392.83,395.5,1729,0,0
682,2004-08-12,395.59,398.13,393.63,394.38,2028,0,0
683,2004-08-13,394.38,399.23,392.4,398.97,3036,0,0
684,2004-08-16,398.97,404.3,398.29,403.0,1696,0,0
685,2004-08-17,402.97,405.62,400.18,404.46,1854,0,0
686,2004-08-18,404.47,405.57,401.28,404.36,1102,0,0
687,2004-08-19,404.34,408.27,403.89,406.9,1647,0,0
688,2004-08-20,406.85,414.44,404.92,413.12,1596,0,0
689,2004-08-23,413.08,413.43,408.33,410.41,1841,0,0
690,2004-08-24,410.38,410.71,401.94,402.7,1984,0,0
691,2004-08-25,402.68,408.44,402.39,407.7,2826,0,0
692,2004-08-26,407.7,409.75,404.23,407.32,1646,0,0
693,2004-08-27,407.31,409.2,400.72,403.2,2426,0,0
694,2004-08-30,403.23,409.32,402.93,407.8,2376,0,0
695,2004-08-31,407.87,411.42,406.58,410.21,1564,0,0
696,2004-09-01,410.2,410.52,406.6,408.7,2009,0,0
697,2004-09-02,408.66,408.99,405.49,405.93,1408,0,0
698,2004-09-03,405.96,406.81,398.98,400.51,1770,0,0
699,2004-09-06,400.51,402.65,400.22,402.27,170,0,0
700,2004-09-07,402.33,402.6,396.62,398.21,1596,0,0
701,2004-09-08,398.2,400.6,394.87,399.6,2682,0,0
702,2004-09-09,399.6,400.93,397.2,398.61,3506,0,0
703,2004-09-10,398.65,403.46,398.35,402.0,3368,0,0
704,2004-09-13,402.01,405.18,398.95,404.2,3065,0,0
705,2004-09-14,404.2,407.31,402.3,405.7,2173,0,0
706,2004-09-15,405.79,406.16,402.86,405.08,2614,0,0
707,2004-09-16,405.08,406.32,402.1,404.75,3353,0,0
708,2004-09-17,404.8,407.43,403.09,405.91,3306,0,0
709,2004-09-20,405.91,406.2,403.43,405.3,2460,0,0
710,2004-09-21,405.43,410.5,404.12,408.4,2060,0,0
711,2004-09-22,408.45,409.11,404.07,407.36,2554,0,0
712,2004-09-23,407.4,412.48,406.45,410.93,2477,0,0
713,2004-09-24,410.98,412.22,406.72,408.05,2342,0,0
714,2004-09-27,408.08,410.61,407.2,409.03,1076,0,0
715,2004-09-28,409.07,413.47,408.17,412.53,2562,0,0
716,2004-09-29,412.57,414.66,410.93,413.05,3912,0,0
717,2004-09-30,413.08,419.36,411.21,418.76,4501,0,0
718,2004-10-01,418.75,420.08,416.95,419.49,1799,0,0
719,2004-10-04,419.3,419.55,411.55,413.85,967,0,0
720,2004-10-05,414.3,420.05,412.55,418.2,879,0,0
721,2004-10-06,418.75,420.25,416.05,417.6,1060,0,0
722,2004-10-07,417.75,420.35,417.05,417.6,3341,0,0
723,2004-10-08,417.8,423.95,417.15,422.8,712,0,0
724,2004-10-11,422.6,423.55,420.95,422.1,865,0,0
725,2004-10-12,422.1,422.55,412.77,415.05,1056,0,0
726,2004-10-13,415.3,417.05,409.55,415.95,1452,0,0
727,2004-10-14,416.3,419.05,414.05,417.8,1616,0,0
728,2004-10-15,417.55,421.55,417.3,418.8,1157,0,0
729,2004-10-18,418.6,420.45,416.05,416.3,1236,0,0
730,2004-10-19,415.8,420.95,414.55,419.8,1439,0,0
731,2004-10-20,420.2,426.25,419.55,423.8,1113,0,0
732,2004-10-21,423.8,426.55,421.85,423.8,1373,0,0
733,2004-10-22,423.55,425.45,420.55,424.2,1161,0,0
734,2004-10-25,424.35,430.55,424.1,428.3,555,0,0
735,2004-10-26,428.6,429.35,424.55,426.8,203,0,0
736,2004-10-27,427.1,428.85,422.8,424.3,696,0,0
737,2004-10-28,424.1,427.8,420.3,424.3,1606,0,0
738,2004-10-29,424.5,429.05,423.3,428.6,1346,0,0
739,2004-11-01,429.1,430.85,425.95,427.0,1307,0,0
740,2004-11-02,427.6,428.55,417.05,421.25,1235,0,0
741,2004-11-03,421.6,427.55,419.05,427.1,1216,0,0
742,2004-11-04,427.05,433.35,425.55,429.3,1238,0,0
743,2004-11-05,429.35,434.35,424.75,433.6,1478,0,0
744,2004-11-08,433.6,435.55,430.95,431.8,1045,0,0
745,2004-11-09,432.1,436.95,431.05,434.85,1307,0,0
746,2004-11-10,435.3,438.35,432.25,434.6,1281,0,0
747,2004-11-11,434.3,435.85,431.85,434.8,870,0,0
748,2004-11-12,434.6,439.25,434.05,437.8,1414,0,0
749,2004-11-15,438.3,440.55,435.45,436.5,1310,0,0
750,2004-11-16,436.3,441.05,435.05,439.8,2236,0,0
751,2004-11-17,439.7,445.35,438.25,444.6,2305,0,0
752,2004-11-18,444.8,446.45,439.9,442.8,1248,0,0
753,2004-11-19,443.1,448.55,441.55,447.1,1370,0,0
754,2004-11-22,446.55,449.25,445.85,448.8,875,0,0
755,2004-11-23,448.8,449.95,445.75,447.1,1085,0,0
756,2004-11-24,447.3,449.85,446.95,449.05,1411,0,0
757,2004-11-25,449.05,452.45,449.0,451.3,36,0,0
758,2004-11-26,451.9,455.55,449.25,452.25,418,0,0
759,2004-11-29,452.5,455.05,449.25,453.8,1082,0,0
760,2004-11-30,453.8,454.05,447.85,450.85,1705,0,0
761,2004-12-01,451.1,455.95,450.05,454.8,1318,0,0
762,2004-12-02,454.6,457.05,446.85,449.3,1331,0,0
763,2004-12-03,449.1,456.55,447.95,455.8,1480,0,0
764,2004-12-06,455.3,456.55,450.75,452.3,1024,0,0
765,2004-12-07,452.1,455.35,450.18,450.91,5617,0,0
766,2004-12-08,450.94,451.2,433.21,440.58,11104,0,0
767,2004-12-09,440.59,441.66,432.27,437.25,9344,0,0
768,2004-12-10,437.33,438.0,431.51,434.32,8310,0,0
769,2004-12-13,434.23,440.38,433.91,439.05,7283,0,0
770,2004-12-14,439.02,447.58,434.77,435.57,7609,0,0
771,2004-12-15,435.55,441.92,435.01,440.55,7608,0,0
772,2004-12-16,440.52,443.16,435.46,437.35,8821,0,0
773,2004-12-17,437.33,443.3,436.63,441.5,7908,0,0
774,2004-12-20,441.52,444.48,440.76,442.25,5154,0,0
775,2004-12-21,442.26,443.82,440.18,441.55,5251,0,0
776,2004-12-22,441.58,442.94,438.65,439.74,5375,0,0
777,2004-12-23,439.71,442.83,439.27,442.0,4813,0,0
778,2004-12-24,441.96,443.43,441.37,442.59,1627,0,0
779,2004-12-27,442.59,445.77,441.96,444.98,3807,0,0
780,2004-12-28,445.0,445.73,442.7,444.21,3470,0,0
781,2004-12-29,444.2,444.7,433.33,436.38,6233,0,0
782,2004-12-30,436.4,439.08,433.6,437.35,5121,0,0
783,2004-12-31,437.38,439.36,436.85,438.32,2080,0,0
